Date,Price,Open,High,Low,Change %,ticker,open,high,low,close
2024-12-09,106.14,105.97,106.21,105.8,0.08%,BTC,100264.0,101407.0,94879.2,96993.1
2024-12-06,106.06,105.79,106.16,105.42,0.32%,BTC,96789.0,102079.0,95560.6,100648.0
2024-12-05,105.71,106.34,106.37,105.7,-0.57%,BTC,98298.2,104062.0,93081.3,96751.8
2024-12-04,106.32,106.43,106.72,106.09,-0.04%,BTC,96180.2,99212.8,94661.7,98312.2
2024-12-03,106.36,106.48,106.6,106.09,-0.08%,BTC,95390.3,96309.8,93599.7,96176.8
2024-12-02,106.45,105.83,106.73,105.82,0.67%,BTC,97621.2,98187.9,94400.0,95406.3
2024-11-29,105.74,105.95,106.13,105.61,-0.38%,BTC,95656.6,98716.6,95373.7,97371.0
2024-11-28,106.14,106.16,106.42,106.1,0.05%,BTC,96143.5,96657.7,94666.5,95652.8
2024-11-27,106.08,106.82,106.92,105.86,-0.87%,BTC,91735.8,97354.0,91553.2,96143.5
2024-11-26,107.01,107.49,107.5,106.49,0.18%,BTC,94378.2,94992.4,90762.8,91776.2
2024-11-25,106.82,107.49,107.49,106.58,-0.69%,BTC,98093.0,98960.8,92587.9,94373.3
2024-11-22,107.55,107.06,108.07,106.92,0.54%,BTC,98414.4,99667.7,97189.3,98729.9
2024-11-21,106.97,106.59,107.16,106.46,0.27%,BTC,94225.5,99048.2,93840.4,98446.5
2024-11-20,106.68,106.12,106.92,106.11,0.45%,BTC,91926.3,94904.0,91630.9,94225.5
2024-11-19,106.21,106.26,106.63,106.11,-0.06%,BTC,91230.0,94015.0,90298.3,91941.9
2024-11-18,106.28,106.67,106.81,106.13,-0.39%,BTC,89559.6,92601.6,89336.6,91230.0
2024-11-15,106.69,106.9,106.96,106.33,0.01%,BTC,87647.6,91877.5,86671.7,91232.7
2024-11-14,106.67,106.5,107.06,106.38,0.18%,BTC,89784.6,91799.7,87019.5,87656.3
2024-11-13,106.48,106.02,106.54,105.72,0.43%,BTC,88635.3,93469.8,86245.1,89813.8
2024-11-12,106.02,105.49,106.18,105.49,0.46%,BTC,88115.9,90018.1,85114.3,88649.6
2024-11-11,105.54,104.95,105.71,104.93,0.52%,BTC,80659.1,88476.8,80004.1,88079.6
2024-11-08,105.0,104.45,105.21,104.34,0.47%,BTC,75925.6,77278.5,75640.4,76418.8
2024-11-07,104.51,105.15,105.25,104.19,-0.55%,BTC,75680.7,76947.6,74451.2,75907.9
2024-11-06,105.09,103.7,105.44,103.7,1.61%,BTC,69585.7,76466.8,69287.4,75683.9
2024-11-05,103.42,103.91,103.96,103.37,-0.44%,BTC,67866.9,70537.0,67432.1,69585.7
2024-11-04,103.89,104.32,103.97,103.58,-0.38%,BTC,68818.5,69456.2,66787.6,67874.1
2024-11-01,104.28,103.86,104.35,103.68,0.29%,BTC,70360.2,71587.0,68763.8,69392.1
2024-10-31,103.98,104.08,104.22,103.82,-0.02%,BTC,72374.2,72677.5,69586.1,70387.7
2024-10-30,103.99,104.25,104.44,103.98,-0.31%,BTC,72640.1,72942.8,71409.2,72374.2
2024-10-29,104.32,104.31,104.64,104.21,0.00%,BTC,69916.0,73605.5,69694.1,72637.5
2024-10-28,104.32,104.32,104.57,104.12,0.06%,BTC,68030.0,70218.9,67522.3,69912.7
2024-10-25,104.26,104.04,104.34,103.93,0.19%,BTC,68306.3,68726.1,65859.5,67176.8
2024-10-24,104.06,104.43,104.46,104.01,-0.36%,BTC,66348.5,68801.1,66278.6,68306.3
2024-10-23,104.43,104.09,104.57,104.09,0.34%,BTC,67486.2,67787.8,65177.1,66343.6
2024-10-22,104.07,103.97,104.13,103.82,0.06%,BTC,67774.7,67851.0,66545.0,67486.2
2024-10-21,104.01,103.46,104.02,103.42,0.50%,BTC,68747.3,69488.2,66800.6,67774.7
2024-10-18,103.49,103.81,103.81,103.46,-0.32%,BTC,67064.3,68993.1,67064.3,68403.1
2024-10-17,103.82,103.56,103.87,103.44,0.23%,BTC,67556.9,67925.8,66640.3,67059.9
2024-10-16,103.59,103.26,103.61,103.17,0.32%,BTC,66405.4,68400.2,66392.1,67552.7
2024-10-15,103.26,103.21,103.35,103.03,-0.04%,BTC,65759.5,67853.3,64786.0,66415.4
2024-10-14,103.3,102.92,103.36,102.93,0.40%,BTC,62854.1,66262.5,62432.2,65777.1
2024-10-11,102.89,102.88,102.99,102.77,-0.10%,BTC,60125.0,63401.1,59880.7,62839.7
2024-10-10,102.99,102.88,103.18,102.72,0.06%,BTC,60820.8,61245.2,58867.0,60133.8
2024-10-09,102.93,102.49,102.93,102.46,0.37%,BTC,62398.8,62503.9,60266.4,60848.4
2024-10-08,102.55,102.46,102.64,102.29,0.01%,BTC,63355.0,63355.0,61835.4,62398.8
2024-10-07,102.54,102.49,102.62,102.37,0.02%,BTC,62292.4,64449.3,62292.4,63355.0
2024-10-04,102.52,101.91,102.69,101.81,0.52%,BTC,60799.8,62474.2,60449.6,62273.8
2024-10-03,101.99,101.64,102.1,101.63,0.31%,BTC,60815.3,61466.7,59848.4,60799.8
2024-10-02,101.68,101.24,101.69,101.16,0.48%,BTC,61124.4,62384.8,59983.2,60816.2
2024-10-01,101.19,100.74,101.39,100.7,0.41%,BTC,63693.6,64120.7,60148.5,61126.1
2024-09-30,100.78,100.42,100.92,100.18,0.40%,BTC,65840.0,65988.4,63042.2,63686.5
2024-09-27,100.38,100.59,100.88,100.16,-0.14%,BTC,65056.5,66515.6,64738.8,65828.5
2024-09-26,100.52,100.93,100.97,100.48,-0.39%,BTC,63427.2,65825.7,62653.1,65058.5
2024-09-25,100.91,100.28,100.99,100.22,0.44%,BTC,64026.8,64808.4,62992.6,63427.2
2024-09-24,100.47,100.97,101.05,100.34,-0.38%,BTC,63370.8,64579.9,62718.3,64026.8
2024-09-23,100.85,100.74,101.23,100.71,0.13%,BTC,62756.3,64740.0,62377.1,63376.8
2024-09-20,100.72,100.68,101.01,100.41,0.11%,BTC,62880.8,64134.0,62344.4,63121.7
2024-09-19,100.61,101.01,101.47,100.52,0.02%,BTC,60195.8,63865.3,60195.8,62886.9
2024-09-18,100.6,100.94,101.15,100.21,-0.30%,BTC,60329.4,61318.6,59178.0,60201.3
2024-09-17,100.89,100.76,101.03,100.57,0.13%,BTC,57984.5,61323.5,57610.0,60338.8
2024-09-16,100.76,101.04,101.1,100.59,-0.35%,BTC,59656.6,59691.9,57481.2,57983.0
2024-09-13,101.11,101.2,101.2,100.88,-0.25%,BTC,57906.5,60383.7,57632.1,60308.0
2024-09-12,101.37,101.78,101.84,101.22,-0.31%,BTC,57357.2,58524.8,57222.5,57916.5
2024-09-11,101.68,101.66,101.82,101.27,0.05%,BTC,57514.0,57983.4,55549.1,57357.2
2024-09-10,101.63,101.64,101.77,101.54,0.08%,BTC,57458.2,58040.3,56394.2,57504.0
2024-09-09,101.55,101.19,101.7,101.14,0.37%,BTC,54457.6,57958.7,54336.7,57464.6
2024-09-06,101.18,101.06,101.39,100.58,0.07%,BTC,56130.4,56997.7,52572.7,53738.6
2024-09-05,101.11,101.28,101.37,100.96,-0.25%,BTC,58100.6,58383.6,55649.4,56130.4
2024-09-04,101.36,101.69,101.78,101.24,-0.46%,BTC,58118.3,58520.2,55618.3,58093.6
2024-09-03,101.82,101.66,101.92,101.56,0.17%,BTC,59041.0,59805.4,57547.3,58097.3
2024-09-02,101.65,101.73,101.8,101.57,-0.04%,BTC,58340.8,59264.8,57125.6,59037.0
2024-08-30,101.7,101.38,101.78,101.25,0.35%,BTC,59495.4,59878.4,57689.6,59047.3
2024-08-29,101.34,101.0,101.58,100.89,0.25%,BTC,59121.3,61176.3,58850.9,59495.4
2024-08-28,101.09,100.55,101.18,100.55,0.54%,BTC,60394.0,60394.0,57872.9,59118.3
2024-08-27,100.55,100.82,100.93,100.51,-0.30%,BTC,63167.2,63291.4,59999.4,60420.0
2024-08-26,100.85,100.68,100.92,100.53,0.13%,BTC,64406.3,65024.1,62881.9,63170.4
2024-08-23,100.72,101.46,101.55,100.6,-0.78%,BTC,60552.2,64657.0,60311.5,64443.5
2024-08-22,101.51,101.13,101.63,101.09,0.46%,BTC,61240.2,61511.7,59737.2,60548.5
2024-08-21,101.04,101.35,101.63,100.92,-0.40%,BTC,59292.0,61834.2,58808.7,61238.4
2024-08-20,101.44,101.88,102.01,101.36,-0.44%,BTC,58992.3,61396.6,58602.6,59297.5
2024-08-19,101.89,102.4,102.48,101.85,-0.56%,BTC,59455.0,59589.8,57836.7,58980.5
2024-08-16,102.46,103.04,103.05,102.39,-0.50%,BTC,57600.4,59840.5,57152.4,59040.5
2024-08-15,102.98,102.63,103.23,102.54,0.40%,BTC,58931.3,59838.4,56109.5,57633.2
2024-08-14,102.57,102.61,102.72,102.27,0.01%,BTC,61041.3,61824.7,58665.2,58918.3
2024-08-13,102.56,103.09,103.27,102.55,-0.56%,BTC,58976.3,61587.6,58411.1,61037.4
2024-08-12,103.14,103.15,103.31,103.09,0.00%,BTC,59013.9,60611.5,57671.9,58975.9
2024-08-09,103.14,103.26,103.3,103.03,-0.07%,BTC,61184.4,62680.3,59668.5,60754.8
2024-08-08,103.21,103.09,103.55,102.92,0.01%,BTC,55441.1,61340.8,54573.9,61201.8
2024-08-07,103.2,102.95,103.37,102.92,0.22%,BTC,56479.5,57725.2,54676.4,55425.5
2024-08-06,102.97,102.78,103.22,102.7,0.27%,BTC,54380.3,57046.6,53909.1,56479.5
2024-08-05,102.69,103.22,103.28,102.16,-0.50%,BTC,58443.0,59100.9,48999.5,54375.7
2024-08-02,103.21,104.31,104.43,103.13,-1.16%,BTC,64835.8,65558.9,61234.4,61915.7
2024-08-01,104.42,104.07,104.45,103.86,0.31%,BTC,64962.4,65290.5,62246.6,64835.8
2024-07-31,104.1,104.43,104.53,103.93,-0.44%,BTC,66302.1,66805.6,64499.0,64954.6
2024-07-30,104.55,104.56,104.8,104.45,-0.01%,BTC,67492.6,67545.5,65283.1,66284.1
2024-07-29,104.56,104.33,104.75,104.14,0.24%,BTC,68024.8,70050.6,66440.6,67492.6
2024-07-26,104.32,104.36,104.45,104.21,-0.04%,BTC,65820.9,68198.6,65610.3,67946.0
2024-07-25,104.36,104.38,104.46,104.08,-0.03%,BTC,65655.8,65980.9,63436.1,65818.9
2024-07-24,104.39,104.48,104.56,104.12,-0.06%,BTC,65879.9,67110.7,65132.4,65627.0
2024-07-23,104.45,104.31,104.54,104.2,0.13%,BTC,67872.4,67875.2,65461.6,65879.9
2024-07-22,104.31,104.36,104.42,104.18,-0.08%,BTC,68207.6,68476.6,66566.7,67862.0
2024-07-19,104.4,104.16,104.42,104.13,0.21%,BTC,63837.2,67412.3,63288.0,66920.4
2024-07-18,104.17,103.7,104.23,103.65,0.41%,BTC,64323.8,65111.2,63232.8,63837.2
2024-07-17,103.75,104.22,104.29,103.65,-0.50%,BTC,64516.1,66140.2,63867.4,64323.8
2024-07-16,104.27,104.25,104.51,104.2,0.08%,BTC,63564.2,65213.7,62400.1,64516.1
2024-07-15,104.19,104.08,104.32,104.03,0.09%,BTC,61333.1,63855.9,60664.2,63564.2
2024-07-12,104.09,104.52,104.55,104.04,-0.33%,BTC,57458.3,58542.5,56542.5,57612.9
2024-07-11,104.44,104.99,105.0,104.08,-0.58%,BTC,57424.4,59473.8,57084.3,57458.3
2024-07-10,105.05,105.12,105.17,104.98,-0.08%,BTC,57806.8,59433.9,57149.8,57429.8
2024-07-09,105.13,104.99,105.21,104.96,0.12%,BTC,56637.4,58257.4,56283.6,57798.8
2024-07-08,105.0,104.88,105.03,104.8,0.12%,BTC,56587.8,57904.4,54276.0,56654.8
2024-07-05,104.88,105.17,105.17,104.82,-0.24%,BTC,58460.2,58731.4,53734.1,56524.5
2024-07-04,105.13,105.32,105.36,105.1,-0.26%,BTC,60176.0,60431.0,56729.0,58460.7
2024-07-03,105.4,105.67,105.8,105.05,-0.30%,BTC,61858.9,62190.0,59342.6,60180.7
2024-07-02,105.72,105.85,106.05,105.66,-0.17%,BTC,63059.9,63216.1,61729.6,61858.9
2024-07-01,105.9,105.85,105.98,105.43,0.03%,BTC,61843.4,63790.9,61843.4,63072.4
2024-06-28,105.87,105.92,106.13,105.75,-0.04%,BTC,61453.6,62149.8,59959.9,60245.9
2024-06-27,105.91,106.07,106.08,105.71,-0.14%,BTC,61006.1,62326.8,60561.6,61453.6
2024-06-26,106.05,105.66,106.13,105.61,0.42%,BTC,61908.8,62468.4,60678.9,61006.1
2024-06-25,105.61,105.51,105.78,105.37,0.13%,BTC,60075.4,62381.7,59941.4,61905.4
2024-06-24,105.47,105.83,105.9,105.37,-0.31%,BTC,63794.2,63794.2,58495.2,60056.1
2024-06-21,105.8,105.64,105.92,105.54,0.20%,BTC,65004.3,65100.6,63390.1,64044.7
2024-06-20,105.59,105.2,105.67,105.2,0.32%,BTC,64978.4,66455.0,64511.8,65004.3
2024-06-19,105.25,105.26,105.34,105.15,0.00%,BTC,65202.1,65712.4,64640.1,64978.4
2024-06-18,105.26,105.3,105.56,105.13,-0.06%,BTC,66550.2,66684.9,64039.9,65184.1
2024-06-17,105.32,105.51,105.65,105.31,-0.22%,BTC,66471.8,67247.9,65074.6,66541.3
2024-06-14,105.55,105.23,105.81,105.18,0.34%,BTC,66943.2,67325.5,65032.8,66159.8
2024-06-13,105.2,104.69,105.28,104.64,0.53%,BTC,68513.4,68517.4,66299.1,66943.2
2024-06-12,104.64,105.28,105.32,104.26,-0.56%,BTC,67390.7,70005.3,66898.3,68513.4
2024-06-11,105.23,105.15,105.46,105.1,0.08%,BTC,69566.7,69572.5,66022.0,67382.5
2024-06-10,105.15,104.93,105.39,105.04,0.25%,BTC,69739.5,70165.3,69152.2,69566.3
2024-06-07,104.89,104.09,104.95,104.0,0.75%,BTC,70717.9,71924.3,68758.1,69251.9
2024-06-06,104.1,104.25,104.37,104.05,-0.16%,BTC,71145.5,71630.6,70096.0,70717.9
2024-06-05,104.27,104.17,104.46,104.13,0.15%,BTC,70620.0,71767.3,70378.0,71145.5
2024-06-04,104.11,104.05,104.33,103.99,-0.03%,BTC,69069.4,71059.3,68546.8,70620.0
2024-06-03,104.14,104.63,104.77,104.04,-0.51%,BTC,67774.0,70266.4,67572.6,69069.4
2024-05-31,104.67,104.76,104.9,104.36,-0.04%,BTC,68392.8,69000.6,66627.1,67484.5
2024-05-30,104.72,105.13,105.18,104.63,-0.36%,BTC,67611.8,69472.9,67095.7,68392.8
2024-05-29,105.1,104.64,105.14,104.59,0.46%,BTC,68301.9,68853.4,67093.5,67626.0
2024-05-28,104.61,104.58,104.64,104.33,0.02%,BTC,69733.8,69733.8,67193.9,68314.3
2024-05-27,104.6,104.75,104.75,104.57,-0.12%,BTC,68498.8,70616.2,68205.2,69733.8
2024-05-24,104.72,105.04,105.12,104.64,-0.37%,BTC,67956.4,69235.3,66593.3,68867.7
2024-05-23,105.11,104.9,105.11,104.63,0.17%,BTC,69468.6,70059.7,66493.9,67946.5
2024-05-22,104.93,104.62,104.97,104.56,0.26%,BTC,69702.1,70645.5,68913.2,69468.6
2024-05-21,104.66,104.6,104.77,104.48,0.09%,BTC,69744.3,71983.3,69148.6,69709.6
2024-05-20,104.57,104.5,104.65,104.39,0.11%,BTC,66278.5,70285.7,66060.3,69722.0
2024-05-17,104.44,104.5,104.8,104.39,-0.02%,BTC,65467.9,67473.8,65109.6,66846.6
2024-05-16,104.46,104.21,104.63,104.08,0.11%,BTC,65912.9,66744.2,64607.5,65467.9
2024-05-15,104.35,105.05,105.06,104.28,-0.64%,BTC,61672.4,66452.5,61295.0,65895.4
2024-05-14,105.01,105.2,105.46,104.96,-0.19%,BTC,62894.8,63106.4,61117.3,61672.4
2024-05-13,105.22,105.31,105.37,105.06,-0.08%,BTC,61223.7,63437.3,60731.8,62893.1
2024-05-10,105.3,105.21,105.4,105.14,0.07%,BTC,62543.7,63457.0,60170.0,60691.7
2024-05-09,105.23,105.52,105.74,105.2,-0.30%,BTC,61466.9,62809.4,60605.1,62533.3
2024-05-08,105.55,105.42,105.64,105.39,0.13%,BTC,63081.5,63122.3,61376.1,61466.9
2024-05-07,105.41,105.14,105.45,105.03,0.34%,BTC,63542.9,64408.4,62792.5,63072.1
2024-05-06,105.05,105.08,105.2,104.87,0.02%,BTC,63876.1,65500.0,62699.2,63551.6
2024-05-03,105.03,105.31,105.37,104.52,-0.26%,BTC,59112.6,63230.8,58817.2,62753.8
2024-05-02,105.3,105.73,105.9,105.3,-0.43%,BTC,57822.2,59623.6,56867.2,59115.6
2024-05-01,105.75,106.32,106.49,105.43,-0.44%,BTC,60098.9,60984.2,56509.6,57822.2
2024-04-30,106.22,105.67,106.35,105.67,0.61%,BTC,63086.6,64710.7,59113.6,60101.2
2024-04-29,105.58,106.09,106.08,105.46,-0.34%,BTC,63620.7,63721.1,61834.1,63092.2
2024-04-26,105.94,105.58,106.19,105.41,0.32%,BTC,64672.5,64813.5,63302.6,64085.6
2024-04-25,105.6,105.82,106.0,105.51,-0.24%,BTC,64333.5,65237.0,62755.7,64673.3
2024-04-24,105.86,105.69,105.95,105.59,0.17%,BTC,66356.7,67073.1,63555.2,64340.7
2024-04-23,105.68,106.12,106.24,105.61,-0.38%,BTC,66546.2,67251.8,65821.2,66350.0
2024-04-22,106.08,106.12,106.39,105.98,-0.07%,BTC,64667.0,66849.0,64518.9,66546.2
2024-04-19,106.15,106.19,106.35,105.85,0.00%,BTC,63488.8,65486.4,59607.4,64327.6
2024-04-18,106.15,105.93,106.18,105.74,0.19%,BTC,61294.2,64151.5,60816.2,63496.6
2024-04-17,105.95,106.33,106.44,105.87,-0.29%,BTC,64019.9,64501.9,59677.6,61294.1
2024-04-16,106.26,106.17,106.52,106.07,0.05%,BTC,63273.7,64349.2,61637.0,64030.3
2024-04-15,106.21,106.01,106.25,105.84,0.16%,BTC,63701.2,66906.0,62308.1,63273.7
2024-04-12,106.04,105.28,106.11,105.24,0.72%,BTC,70120.3,71236.7,65550.0,66979.4
2024-04-11,105.28,105.18,105.53,105.03,0.04%,BTC,70014.9,71287.0,69556.1,70120.3
2024-04-10,105.25,104.1,105.3,104.02,1.05%,BTC,69182.7,70135.3,67483.2,70014.9
2024-04-09,104.15,104.12,104.2,103.88,0.01%,BTC,71684.9,71993.5,68208.4,69182.7
2024-04-08,104.14,104.29,104.44,104.1,-0.15%,BTC,69037.5,72757.3,68907.9,71687.7
2024-04-05,104.3,104.21,104.69,104.14,0.17%,BTC,67806.3,68768.3,65984.3,67539.0
2024-04-04,104.12,104.23,104.26,103.92,-0.12%,BTC,65949.1,69334.0,65078.2,67804.2
2024-04-03,104.25,104.77,104.84,104.23,-0.54%,BTC,65708.8,66931.5,64544.9,65937.8
2024-04-02,104.82,105.0,105.1,104.68,-0.19%,BTC,69619.8,69900.4,64570.6,65709.4
2024-04-01,105.02,104.49,105.07,104.42,0.45%,BTC,70864.5,71371.0,68180.5,69612.4
2024-03-29,104.55,104.54,104.67,104.41,0.00%,BTC,70862.9,71073.2,69100.6,69841.5
2024-03-28,104.55,104.43,104.73,104.31,0.19%,BTC,69415.1,71562.8,68852.0,70862.9
2024-03-27,104.35,104.29,104.46,104.22,0.05%,BTC,70249.9,71755.9,68369.8,69415.1
2024-03-26,104.29,104.22,104.34,104.01,0.06%,BTC,70324.5,71580.3,69295.0,70249.9
2024-03-25,104.24,104.43,104.47,104.14,-0.23%,BTC,66947.2,71177.6,66386.7,70314.3
2024-03-22,104.47,103.99,104.5,103.92,0.45%,BTC,65368.9,66635.8,62307.5,63045.9
2024-03-21,104.0,103.24,104.05,103.17,0.57%,BTC,67064.4,67667.9,64520.8,65377.2
2024-03-20,103.41,103.84,104.15,103.38,-0.41%,BTC,62578.8,67914.9,60770.4,67488.6
2024-03-19,103.84,103.59,104.06,103.58,0.24%,BTC,67688.0,68105.2,62418.1,62578.9
2024-03-18,103.59,103.45,103.65,103.33,0.16%,BTC,68204.0,68907.5,66562.0,67687.9
2024-03-15,103.43,103.39,103.49,103.3,0.07%,BTC,71503.5,72390.0,65619.8,69110.5
2024-03-14,103.36,102.76,103.4,102.74,0.56%,BTC,72988.3,73532.1,68668.9,71514.2
2024-03-13,102.79,102.93,103.02,102.67,-0.16%,BTC,71167.0,73672.6,71041.1,72987.6
2024-03-12,102.96,102.82,103.18,102.72,0.09%,BTC,72455.6,72812.7,69082.3,71167.0
2024-03-11,102.87,102.74,102.93,102.64,0.15%,BTC,68515.3,72858.2,67623.4,72455.6
2024-03-08,102.71,102.73,102.9,102.36,-0.11%,BTC,67198.1,69982.0,66303.7,68290.8
2024-03-07,102.82,103.31,103.35,102.79,-0.53%,BTC,65949.5,68054.8,65593.6,67198.1
2024-03-06,103.37,103.81,103.89,103.2,-0.41%,BTC,63469.8,67642.2,62832.5,65949.5
2024-03-05,103.8,103.85,103.95,103.58,-0.03%,BTC,68003.8,68992.1,60331.6,63419.7
2024-03-04,103.83,103.89,103.96,103.73,-0.03%,BTC,62855.7,68003.8,62397.8,68003.8
2024-03-01,103.86,104.13,104.29,103.84,-0.28%,BTC,61260.1,63183.0,60797.7,62538.3
2024-02-29,104.16,103.92,104.2,103.66,0.17%,BTC,61317.8,63683.8,60362.5,61260.1
2024-02-28,103.97,103.84,104.24,103.81,0.14%,BTC,56915.7,64078.1,56725.3,61317.8
2024-02-27,103.83,103.78,103.92,103.61,0.00%,BTC,54695.3,57564.2,54477.5,56915.7
2024-02-26,103.83,103.96,104.02,103.71,-0.10%,BTC,51699.4,54952.0,50907.1,54695.3
2024-02-23,103.94,103.95,104.05,103.77,-0.02%,BTC,51422.7,51516.6,50643.5,50780.9
2024-02-22,103.96,103.91,104.13,103.43,-0.05%,BTC,51499.7,52049.6,50913.3,51439.5
2024-02-21,104.01,104.04,104.21,103.94,-0.07%,BTC,52178.6,52528.3,50640.5,51511.1
2024-02-20,104.08,104.32,104.41,103.8,-0.20%,BTC,51948.9,52985.8,50765.1,52178.6
2024-02-19,104.29,104.28,104.37,104.14,0.00%,BTC,52245.6,52496.1,51685.7,51948.9
2024-02-16,104.3,104.3,104.67,104.17,0.00%,BTC,51685.7,52599.4,51601.5,52017.9
2024-02-15,104.3,104.66,104.71,104.18,-0.41%,BTC,51843.1,52843.6,51364.3,51689.3
2024-02-14,104.72,104.83,104.98,104.66,-0.23%,BTC,49540.9,52034.4,49251.7,51840.6
2024-02-13,104.96,104.18,104.96,103.97,0.76%,BTC,50043.1,50391.8,48311.1,49540.8
2024-02-12,104.17,104.08,104.28,103.89,0.06%,BTC,48150.3,50347.5,47713.9,50043.1
2024-02-09,104.11,104.14,104.26,103.95,-0.05%,BTC,45283.4,48206.4,45246.2,47300.0
2024-02-08,104.17,104.03,104.43,103.96,0.10%,BTC,44151.9,45616.6,44143.9,45280.6
2024-02-07,104.06,104.15,104.17,103.94,-0.15%,BTC,43186.2,44388.9,42757.2,44151.9
2024-02-06,104.21,104.44,104.59,104.14,-0.23%,BTC,42449.0,43361.3,42406.5,43186.1
2024-02-05,104.45,103.96,104.6,103.96,0.51%,BTC,42553.3,43521.8,42236.1,42449.1
2024-02-02,103.92,102.99,104.04,102.9,0.85%,BTC,42914.7,43453.6,42522.1,43179.7
2024-02-01,103.05,103.51,103.81,103.02,-0.22%,BTC,42632.2,43271.3,41851.4,42914.7
2024-01-31,103.27,103.42,103.74,102.94,-0.12%,BTC,43324.0,43736.8,42287.4,42632.2
2024-01-30,103.4,103.44,103.61,103.31,-0.20%,BTC,43110.2,43861.3,43078.1,43326.9
2024-01-29,103.61,103.47,103.82,103.4,0.17%,BTC,41833.5,43290.9,41746.9,43111.1
2024-01-26,103.43,103.51,103.73,103.15,-0.14%,BTC,39934.7,42231.4,39801.8,41897.5
2024-01-25,103.57,103.35,103.68,103.12,0.33%,BTC,39854.9,40274.0,39523.9,39934.7
2024-01-24,103.24,103.51,103.55,102.77,-0.37%,BTC,39453.3,40519.7,39437.3,39854.9
2024-01-23,103.62,103.35,103.82,102.98,0.28%,BTC,39793.1,40137.0,38514.0,39434.0
2024-01-22,103.33,103.24,103.37,103.11,0.04%,BTC,41607.2,41658.8,39415.3,39794.8
2024-01-19,103.29,103.37,103.55,103.24,-0.24%,BTC,41303.6,42148.6,40259.3,41645.8
2024-01-18,103.54,103.37,103.63,103.15,0.08%,BTC,42679.4,42877.0,40597.9,41312.9
2024-01-17,103.45,103.36,103.69,103.26,0.09%,BTC,43199.1,43277.8,42162.8,42679.4
2024-01-16,103.36,102.74,103.43,102.74,0.93%,BTC,42588.9,43573.6,42058.2,43199.1
2024-01-15,102.4,102.44,102.67,102.31,0.00%,BTC,42250.8,43360.9,41688.0,42576.8
2024-01-12,102.4,102.3,102.59,102.09,0.11%,BTC,46402.8,46520.5,41717.1,42481.9
2024-01-11,102.29,102.3,102.76,102.16,-0.07%,BTC,46914.4,48976.3,45596.8,46402.8
2024-01-10,102.36,102.48,102.64,102.34,-0.20%,BTC,46266.3,46958.7,44331.1,46914.4
2024-01-09,102.57,102.22,102.66,102.11,0.35%,BTC,47041.8,47636.2,45198.3,46275.4
2024-01-08,102.21,102.43,102.62,102.07,-0.20%,BTC,43890.9,47261.7,43201.1,47041.8
2024-01-05,102.41,102.39,103.1,101.91,-0.01%,BTC,44370.8,44407.1,42530.8,44002.2
2024-01-04,102.42,102.46,102.53,102.14,-0.07%,BTC,42766.4,44791.8,42607.7,44370.8
2024-01-03,102.49,102.15,102.73,102.07,0.29%,BTC,44998.6,45510.9,40823.8,42765.5
2024-01-02,102.2,101.42,102.25,101.34,0.81%,BTC,43538.2,45919.1,43538.2,44998.4
2023-12-31,101.38,101.38,101.38,101.38,0.05%,BTC,42125.3,42881.0,41981.6,42247.3
2023-12-29,101.33,101.2,101.42,101.07,0.10%,BTC,42647.1,43129.7,41306.9,41769.4
2023-12-28,101.23,100.87,101.3,100.62,0.24%,BTC,43356.1,43815.2,42273.6,42644.4
2023-12-27,100.99,101.55,101.57,100.83,-0.47%,BTC,42465.8,43698.8,42103.1,43350.7
2023-12-26,101.47,101.65,101.77,101.44,-0.24%,BTC,43689.8,43689.8,41703.7,42465.8
2023-12-24,101.71,101.71,101.71,101.71,0.01%,BTC,43767.7,43963.3,42704.4,43005.7
2023-12-22,101.7,101.76,101.89,101.43,-0.14%,BTC,43957.8,44411.2,43423.0,43834.6
2023-12-21,101.84,102.39,102.45,101.74,-0.55%,BTC,43610.8,44245.8,43290.5,43957.3
2023-12-20,102.41,102.19,102.54,102.16,0.24%,BTC,42312.1,44282.1,42192.1,43613.4
2023-12-19,102.17,102.47,102.63,102.07,-0.38%,BTC,42498.4,43465.1,41797.4,42312.0
2023-12-18,102.56,102.59,102.63,102.38,0.01%,BTC,41674.9,42744.6,40515.1,42498.4
2023-12-15,102.55,102.1,102.64,101.84,0.58%,BTC,43077.9,43187.5,41656.4,42064.9
2023-12-14,101.96,102.78,102.8,101.77,-0.89%,BTC,42972.3,43424.7,41784.8,43077.9
2023-12-13,102.87,103.82,104.03,102.78,-0.96%,BTC,41211.6,43448.9,40563.1,42972.3
2023-12-12,103.86,104.03,104.1,103.49,-0.22%,BTC,41267.3,42090.8,40645.8,41211.6
2023-12-11,104.1,103.98,104.26,103.93,0.08%,BTC,43779.1,43848.2,40188.0,41267.3
2023-12-08,104.01,103.64,104.26,103.43,0.45%,BTC,43151.1,44716.5,43093.8,44263.5
2023-12-07,103.54,104.11,104.2,103.27,-0.59%,BTC,43761.1,44046.4,42870.4,43151.1
2023-12-06,104.15,103.99,104.23,103.87,0.10%,BTC,44290.7,44295.3,43390.8,43771.6
2023-12-05,104.05,103.56,104.09,103.55,0.33%,BTC,41941.6,44493.1,41416.5,44290.7
2023-12-04,103.71,103.19,103.85,103.06,0.43%,BTC,40077.2,42419.1,39793.9,41952.7
2023-12-01,103.27,103.36,103.72,103.11,-0.22%,BTC,37705.6,38996.9,37611.1,38719.3
2023-11-30,103.5,102.83,103.59,102.72,0.71%,BTC,37795.2,38150.8,37510.5,37700.1
2023-11-29,102.76,102.65,103.01,102.47,0.02%,BTC,37884.9,38467.7,37584.3,37795.2
2023-11-28,102.75,103.13,103.32,102.61,-0.44%,BTC,37084.0,38396.6,36871.7,37883.1
2023-11-27,103.2,103.42,103.53,103.19,-0.20%,BTC,37667.6,37667.6,36716.2,37084.0
2023-11-24,103.4,103.75,103.84,103.36,-0.35%,BTC,37319.4,38428.2,37256.0,37711.9
2023-11-23,103.77,103.86,103.88,103.54,-0.15%,BTC,37456.0,37647.9,36895.8,37310.2
2023-11-22,103.92,103.55,104.21,103.48,0.34%,BTC,36393.1,37872.5,35657.9,37457.3
2023-11-21,103.57,103.47,103.71,103.18,0.12%,BTC,37454.4,37669.3,36276.4,36390.3
2023-11-20,103.44,103.82,103.97,103.38,-0.46%,BTC,36996.6,37764.7,36706.4,37455.0
2023-11-17,103.92,104.4,104.55,103.81,-0.41%,BTC,36225.1,36772.0,35873.1,36552.4
2023-11-16,104.35,104.36,104.56,104.01,-0.04%,BTC,37730.1,37977.4,35513.1,36221.6
2023-11-15,104.39,104.22,104.51,103.98,0.33%,BTC,35610.1,37893.1,35366.2,37726.6
2023-11-14,104.05,105.65,105.73,103.99,-1.49%,BTC,36482.4,36751.5,34765.8,35613.6
2023-11-13,105.63,105.8,105.96,105.59,-0.22%,BTC,37170.9,37429.3,36341.7,36480.2
2023-11-10,105.86,105.93,106.01,105.74,-0.05%,BTC,36549.2,37514.0,36352.6,37376.0
2023-11-09,105.91,105.53,105.97,105.38,0.30%,BTC,35793.6,37984.4,35552.8,36555.6
2023-11-08,105.59,105.54,105.87,105.45,0.05%,BTC,35298.3,35958.6,35108.8,35791.5
2023-11-07,105.54,105.27,105.78,105.27,0.31%,BTC,35125.6,35901.3,34535.5,35298.3
2023-11-06,105.21,105.07,105.29,104.85,0.18%,BTC,34999.4,35375.9,34757.5,35125.6
2023-11-03,105.02,106.2,106.22,104.94,-1.04%,BTC,34793.3,34952.4,34123.1,34641.6
2023-11-02,106.12,106.5,106.51,105.81,-0.71%,BTC,35291.2,35994.6,34332.4,34793.3
2023-11-01,106.88,106.67,107.11,106.61,0.21%,BTC,34573.7,35599.2,34107.6,35289.3
2023-10-31,106.66,106.16,106.86,105.91,0.51%,BTC,34480.3,34730.2,34051.6,34573.7
2023-10-30,106.12,106.58,106.7,106.06,-0.41%,BTC,34714.6,34835.5,34133.9,34479.9
2023-10-27,106.56,106.58,106.8,106.32,-0.04%,BTC,34114.2,34284.2,33408.0,33847.2
2023-10-26,106.6,106.58,106.89,106.53,0.07%,BTC,34560.7,34833.4,33749.3,34114.2
2023-10-25,106.53,106.25,106.57,106.14,0.24%,BTC,34121.6,35128.0,33691.4,34560.7
2023-10-24,106.27,105.61,106.32,105.36,0.70%,BTC,31646.4,35179.4,31611.4,34138.1
2023-10-23,105.54,106.16,106.33,105.52,-0.59%,BTC,29760.1,31825.8,29724.7,31646.4
2023-10-20,106.16,106.25,106.42,106.07,-0.08%,BTC,28615.5,30118.1,28592.3,29627.2
2023-10-19,106.25,106.54,106.67,105.97,-0.29%,BTC,28272.6,28921.3,28146.9,28615.2
2023-10-18,106.57,106.22,106.64,106.01,0.30%,BTC,28490.3,28890.4,28154.4,28276.5
2023-10-17,106.25,106.26,106.53,106.02,0.01%,BTC,28435.0,28627.8,28081.5,28497.8
2023-10-16,106.24,106.58,106.63,106.18,-0.38%,BTC,27180.7,30006.6,27038.4,28435.0
2023-10-13,106.65,106.52,106.79,106.29,0.05%,BTC,26749.4,27108.5,26679.2,27013.8
2023-10-12,106.6,105.67,106.6,105.54,0.74%,BTC,26720.7,26938.9,26544.1,26749.4
2023-10-11,105.82,105.73,106.01,105.56,0.00%,BTC,27428.7,27478.8,26532.0,26720.7
2023-10-10,105.82,106.03,106.25,105.66,-0.24%,BTC,27627.0,27737.2,27298.8,27428.7
2023-10-09,106.08,106.1,106.6,106.02,0.04%,BTC,27932.8,27999.1,27322.4,27626.0
2023-10-06,106.04,106.36,106.97,105.95,-0.27%,BTC,27457.4,28289.7,27197.4,28053.9
2023-10-05,106.33,106.77,106.86,106.32,-0.44%,BTC,27687.7,28124.5,27358.6,27457.7
2023-10-04,106.8,107.06,107.24,106.51,-0.19%,BTC,27399.8,27837.2,27213.8,27688.2
2023-10-03,107.0,107.03,107.35,106.91,0.09%,BTC,27480.2,27671.8,27165.0,27399.8
2023-10-02,106.9,106.17,107.03,106.04,0.64%,BTC,27183.1,28495.5,27158.3,27480.2
2023-09-29,106.22,106.15,106.24,105.66,0.00%,BTC,27002.2,27240.3,26664.7,26867.0
2023-09-28,106.22,106.68,106.75,106.02,-0.41%,BTC,26260.6,27296.3,26260.5,27004.5
2023-09-27,106.67,106.22,106.84,106.17,0.41%,BTC,26226.9,26828.0,26094.3,26260.2
2023-09-26,106.23,105.94,106.26,105.86,0.22%,BTC,26278.3,26392.2,26080.6,26154.2
2023-09-25,106.0,105.57,106.1,105.52,0.39%,BTC,26520.4,26520.4,25994.0,26278.3
2023-09-22,105.58,105.38,105.78,105.32,0.21%,BTC,26612.6,26739.6,26470.2,26567.2
2023-09-21,105.36,105.44,105.74,105.28,0.23%,BTC,27113.7,27159.9,26375.9,26612.6
2023-09-20,105.12,105.11,105.44,104.67,-0.04%,BTC,27161.8,27391.9,26805.3,27111.8
2023-09-19,105.16,105.08,105.21,104.82,-0.04%,BTC,26843.4,27485.2,26673.9,27161.8
2023-09-18,105.2,105.3,105.36,105.02,-0.11%,BTC,26491.3,27414.8,26383.4,26843.4
2023-09-15,105.32,105.38,105.41,105.08,-0.08%,BTC,26542.5,26689.2,26224.0,26468.3
2023-09-14,105.4,104.74,105.43,104.56,0.61%,BTC,26232.0,26857.2,26128.6,26542.5
2023-09-13,104.77,104.58,104.97,104.51,0.05%,BTC,26098.7,26403.4,25761.8,26232.0
2023-09-12,104.71,104.56,104.92,104.46,0.14%,BTC,25139.9,26544.6,25078.0,26100.6
2023-09-11,104.57,105.06,104.94,104.42,-0.50%,BTC,25915.4,26020.6,24905.3,25139.9
2023-09-08,105.09,105.06,105.1,104.66,0.03%,BTC,26172.9,26433.8,25667.7,25890.6
2023-09-07,105.06,104.86,105.16,104.8,0.19%,BTC,25711.3,26419.4,25600.1,26146.7
2023-09-06,104.86,104.75,105.02,104.59,0.05%,BTC,25722.4,26005.7,25403.7,25709.9
2023-09-05,104.81,104.13,104.91,104.11,0.55%,BTC,25664.9,25871.4,25554.8,25722.4
2023-09-04,104.24,104.26,104.27,104.03,0.00%,BTC,25963.0,26100.4,25624.0,25670.5
2023-09-01,104.24,103.62,104.29,103.27,0.60%,BTC,26021.4,26145.8,25325.1,25791.3
2023-08-31,103.62,103.1,103.74,103.01,0.45%,BTC,27259.7,27568.9,25665.6,26021.4
2023-08-30,103.16,103.44,103.7,102.94,-0.36%,BTC,27664.0,27768.9,27020.8,27259.7
2023-08-29,103.53,103.92,104.36,103.36,-0.51%,BTC,25969.4,28143.8,25904.1,27664.2
2023-08-28,104.06,104.19,104.21,103.97,-0.02%,BTC,26055.6,26231.7,25859.8,25969.4
2023-08-25,104.08,104.1,104.45,103.74,0.09%,BTC,26081.7,26296.3,25765.6,26067.5
2023-08-24,103.98,103.36,104.03,103.27,0.54%,BTC,26312.0,26566.7,25857.2,26081.7
2023-08-23,103.42,103.58,103.98,103.3,-0.14%,BTC,25660.6,26805.7,25634.5,26315.0
2023-08-22,103.56,103.33,103.72,103.01,0.25%,BTC,26192.1,26192.3,25294.2,25660.3
2023-08-21,103.3,103.43,103.5,103.14,-0.07%,BTC,26178.7,26246.8,25812.0,26192.4
2023-08-18,103.38,103.4,103.68,103.22,-0.19%,BTC,25989.9,27092.0,25606.8,26049.7
2023-08-17,103.57,103.47,103.6,103.06,0.14%,BTC,28897.2,28944.4,25156.3,26238.8
2023-08-16,103.43,103.21,103.53,102.94,0.22%,BTC,29197.8,29225.0,28836.4,28897.2
2023-08-15,103.21,103.21,103.28,103.15,0.02%,BTC,29371.3,29459.1,29104.6,29197.8
2023-08-14,103.19,102.85,103.46,102.77,0.34%,BTC,29344.0,29661.2,29076.3,29371.3
2023-08-11,102.84,102.62,102.91,102.42,0.31%,BTC,29434.8,29526.6,29219.1,29377.7
2023-08-10,102.52,102.48,102.65,101.78,0.03%,BTC,29501.2,29707.2,29306.9,29434.8
2023-08-09,102.49,102.55,102.58,102.29,-0.04%,BTC,29850.8,30130.7,29351.4,29501.2
2023-08-08,102.53,102.07,102.8,102.07,0.47%,BTC,29162.3,30221.0,29110.0,29850.5
2023-08-07,102.05,101.99,102.38,101.97,0.03%,BTC,29044.3,29241.9,28514.0,29162.2
2023-08-04,102.02,102.45,102.62,101.74,-0.51%,BTC,29230.2,29305.2,28789.6,29037.5
2023-08-03,102.54,102.59,102.84,102.36,-0.05%,BTC,29162.9,29401.8,28940.7,29217.1
2023-08-02,102.59,101.96,102.78,101.96,0.28%,BTC,29228.1,30028.0,28919.7,29162.9
2023-08-01,102.3,101.87,102.43,101.85,0.44%,BTC,29238.3,29343.0,28562.8,29229.9
2023-07-31,101.86,101.89,101.9,101.86,0.23%,BTC,29211.2,29525.9,29096.3,29238.3
2023-07-28,101.62,101.69,102.04,101.36,-0.15%,BTC,29179.3,29528.0,29115.5,29313.4
2023-07-27,101.77,101.11,101.84,100.55,0.88%,BTC,29467.2,29566.3,29093.3,29179.3
2023-07-26,100.89,101.32,101.44,100.86,-0.46%,BTC,29226.9,29682.8,29092.3,29467.2
2023-07-25,101.35,101.42,101.65,101.19,0.00%,BTC,29163.6,29373.7,29045.3,29226.9
2023-07-24,101.35,101.05,101.43,100.89,0.27%,BTC,29954.7,30098.1,28862.5,29163.5
2023-07-21,101.07,100.78,101.19,100.72,0.19%,BTC,29867.6,30059.3,29724.6,29900.2
2023-07-20,100.88,100.78,100.97,100.02,0.60%,BTC,29933.7,30417.2,29576.2,29869.6
2023-07-19,100.28,99.98,100.53,99.92,0.34%,BTC,29807.4,30193.1,29762.0,29933.7
2023-07-18,99.94,99.89,100.11,99.59,0.10%,BTC,30247.7,30273.0,29518.2,29807.4
2023-07-17,99.84,99.96,100.18,99.75,-0.07%,BTC,30306.6,30375.9,29665.4,30249.1
2023-07-14,99.91,99.75,100.01,99.58,0.14%,BTC,31266.2,31641.1,29915.6,30256.8
2023-07-13,99.77,100.52,100.61,99.74,-0.75%,BTC,30355.4,31818.8,30250.6,31266.2
2023-07-12,100.52,101.59,101.61,100.51,-1.19%,BTC,30570.8,30977.8,30215.9,30355.4
2023-07-11,101.73,101.94,101.97,101.65,-0.24%,BTC,30260.1,30813.0,30206.0,30570.8
2023-07-10,101.97,102.29,102.56,101.95,-0.29%,BTC,30159.3,31048.9,29956.9,30320.1
2023-07-07,102.27,103.08,103.19,102.23,-0.77%,BTC,30222.0,30445.7,29703.5,30292.7
2023-07-06,103.07,103.35,103.57,102.92,-0.29%,BTC,30474.9,31491.9,29891.6,30222.0
2023-07-05,103.37,103.08,103.39,102.96,0.32%,BTC,30810.5,30881.5,30198.2,30474.9
2023-07-04,103.04,102.97,103.11,102.88,0.07%,BTC,31052.4,31354.7,30626.8,30810.5
2023-07-03,102.96,102.93,103.27,102.75,0.05%,BTC,30562.7,31385.9,30430.9,31052.4
2023-06-30,102.91,103.35,103.54,102.75,-0.42%,BTC,30413.7,31272.9,29494.1,30469.2
2023-06-29,103.34,102.96,103.44,102.78,0.42%,BTC,30134.1,30832.4,30047.7,30413.1
2023-06-28,102.9,102.51,103.14,102.47,0.40%,BTC,30722.9,30740.2,29947.6,30134.1
2023-06-27,102.49,102.74,102.8,102.32,-0.19%,BTC,30164.4,31005.5,30105.6,30722.9
2023-06-26,102.69,102.87,102.83,102.61,-0.21%,BTC,30461.3,30666.3,29931.1,30164.4
2023-06-23,102.9,102.38,103.17,102.38,0.50%,BTC,30060.4,31410.1,29810.7,30677.6
2023-06-22,102.39,102.03,102.47,101.92,0.31%,BTC,29888.0,30501.5,29654.3,30060.4
2023-06-21,102.07,102.5,102.71,102.02,-0.46%,BTC,28134.2,30763.8,28108.2,29882.4
2023-06-20,102.54,102.48,102.79,102.32,0.02%,BTC,26761.9,28307.1,26645.2,28134.2
2023-06-19,102.52,102.3,102.55,102.25,0.27%,BTC,26402.2,27050.9,26250.6,26761.9
2023-06-16,102.24,102.12,102.43,102.01,0.13%,BTC,25553.4,26489.1,25149.0,26277.1
2023-06-15,102.11,102.96,103.38,102.09,-0.81%,BTC,25088.0,25735.0,24750.4,25553.4
2023-06-14,102.95,103.32,103.4,102.66,-0.38%,BTC,25844.1,26078.6,24821.1,25119.0
2023-06-13,103.34,103.58,103.62,103.05,-0.30%,BTC,25931.6,26429.3,25716.1,25844.1
2023-06-12,103.65,103.55,103.76,103.24,0.09%,BTC,26057.1,26107.5,25622.0,25931.6
2023-06-09,103.56,103.3,103.61,103.29,0.21%,BTC,26578.2,26779.7,26282.8,26474.2
2023-06-08,103.34,104.07,104.07,103.3,-0.73%,BTC,26158.8,26815.1,26139.0,26578.2
2023-06-07,104.1,104.12,104.3,103.66,-0.02%,BTC,27065.0,27393.9,26132.1,26156.1
2023-06-06,104.13,104.01,104.37,103.82,0.12%,BTC,25666.1,27215.9,25361.7,27064.9
2023-06-05,104.0,104.04,104.4,103.93,-0.01%,BTC,27203.3,27462.5,25394.9,25669.4
2023-06-02,104.01,103.56,104.09,103.38,0.44%,BTC,26897.4,27295.3,26510.9,27214.7
2023-06-01,103.56,104.15,104.5,103.5,-0.73%,BTC,27095.6,27350.4,26615.4,26897.4
2023-05-31,104.33,104.05,104.7,104.01,0.15%,BTC,27730.2,27843.6,26849.8,27095.1
2023-05-30,104.17,104.3,104.53,103.88,-0.09%,BTC,27675.0,28049.5,27565.4,27730.2
2023-05-29,104.26,104.24,104.31,104.04,0.06%,BTC,27841.4,28455.4,27532.3,27675.0
2023-05-26,104.21,104.23,104.42,103.85,-0.04%,BTC,26473.9,26939.7,26329.9,26730.6
2023-05-25,104.25,103.86,104.31,103.84,0.35%,BTC,26370.3,26618.7,25926.7,26476.6
2023-05-24,103.89,103.54,103.91,103.35,0.39%,BTC,27202.0,27252.4,26052.3,26367.1
2023-05-23,103.49,103.27,103.65,103.16,0.28%,BTC,26914.0,27492.8,26805.3,27201.7
2023-05-22,103.2,103.19,103.37,102.96,0.00%,BTC,26761.2,27073.9,26554.1,26914.0
2023-05-19,103.2,103.51,103.62,103.0,-0.37%,BTC,26928.0,27164.9,26740.1,26913.9
2023-05-18,103.58,102.9,103.62,102.79,0.68%,BTC,27378.6,27499.1,26476.5,26929.3
2023-05-17,102.88,102.61,103.11,102.54,0.31%,BTC,27020.6,27506.8,26603.9,27378.6
2023-05-16,102.56,102.43,102.69,102.2,0.13%,BTC,27381.6,27387.2,26885.3,27023.8
2023-05-15,102.43,102.71,102.75,102.38,-0.24%,BTC,26922.8,27682.9,26753.4,27381.6
2023-05-12,102.68,102.1,102.71,101.94,0.61%,BTC,27005.0,27113.4,25845.9,26771.5
2023-05-11,102.06,101.41,102.15,101.3,0.57%,BTC,27533.3,27751.7,26776.8,27005.0
2023-05-10,101.48,101.62,101.81,101.21,-0.13%,BTC,27630.3,28345.8,26885.1,27533.3
2023-05-09,101.61,101.4,101.83,101.36,0.22%,BTC,27562.3,27841.4,27401.1,27625.2
2023-05-08,101.38,101.28,101.42,101.04,0.16%,BTC,28807.1,28874.9,27282.4,27562.3
2023-05-05,101.21,101.34,101.78,101.12,-0.18%,BTC,28850.4,29673.0,28758.6,29513.6
2023-05-04,101.4,101.2,101.64,101.03,0.06%,BTC,28995.8,29383.2,28686.5,28850.4
2023-05-03,101.34,101.86,101.92,101.07,-0.60%,BTC,28677.9,29065.5,28127.6,28931.2
2023-05-02,101.96,102.14,102.4,101.88,-0.19%,BTC,27992.8,28896.3,27876.2,28677.9
2023-05-01,102.15,101.67,102.19,101.62,0.48%,BTC,29428.0,29447.2,27666.7,27992.7
2023-04-28,101.66,101.47,102.17,101.42,0.15%,BTC,29656.8,29673.2,28905.2,29351.2
2023-04-27,101.5,101.4,101.8,101.28,0.04%,BTC,28686.8,29893.0,28182.0,29656.8
2023-04-26,101.47,101.82,101.89,101.01,-0.39%,BTC,28269.4,30028.9,27379.3,28686.8
2023-04-25,101.86,101.26,101.95,101.2,0.51%,BTC,27414.1,28314.5,27194.7,28274.5
2023-04-24,101.35,101.72,101.91,101.32,-0.47%,BTC,27519.2,27999.7,27073.5,27415.2
2023-04-21,101.82,101.8,102.12,101.65,-0.02%,BTC,28232.4,28371.5,27183.9,27277.0
2023-04-20,101.84,101.99,102.13,101.63,-0.13%,BTC,29190.7,29246.1,28001.2,28232.7
2023-04-19,101.97,101.71,102.23,101.66,0.22%,BTC,30376.8,30427.6,28834.6,29180.7
2023-04-18,101.75,102.1,102.14,101.64,-0.35%,BTC,29469.6,30496.3,29121.5,30376.8
2023-04-17,102.1,101.58,102.23,101.53,0.54%,BTC,30406.0,30425.5,29260.8,29469.6
2023-04-14,101.55,101.0,101.75,100.79,0.54%,BTC,30312.8,31034.1,29994.2,30479.4
2023-04-13,101.01,101.47,101.6,100.85,-0.48%,BTC,29967.5,30607.8,29828.9,30312.8
2023-04-12,101.5,102.13,102.16,101.45,-0.69%,BTC,30219.4,30446.8,29686.4,29967.5
2023-04-11,102.2,102.52,102.51,102.01,-0.36%,BTC,29246.3,30578.1,29246.3,30219.4
2023-04-10,102.58,102.1,102.81,101.99,0.48%,BTC,28456.2,29370.2,28197.2,29246.3
2023-04-07,102.09,101.94,102.3,101.88,0.27%,BTC,27999.0,28113.8,27791.9,27911.8
2023-04-06,101.82,101.83,102.14,101.75,-0.03%,BTC,28191.2,28241.8,27723.2,27999.0
2023-04-05,101.85,101.52,101.99,101.42,0.26%,BTC,28238.0,28777.5,27819.4,28191.2
2023-04-04,101.59,102.01,102.28,101.46,-0.50%,BTC,27725.4,28443.4,27675.6,28233.1
2023-04-03,102.09,102.59,103.06,101.98,-0.40%,BTC,28032.2,28505.7,27350.4,27720.8
2023-03-31,102.51,102.2,102.63,102.05,0.35%,BTC,28076.4,28662.1,27521.7,28482.9
2023-03-30,102.14,102.62,102.78,102.07,-0.48%,BTC,28296.4,29187.3,27689.9,28076.4
2023-03-29,102.64,102.49,102.79,102.37,0.21%,BTC,27201.1,28650.8,27144.2,28298.4
2023-03-28,102.43,102.75,102.76,102.38,-0.42%,BTC,27183.4,27517.2,26640.3,27201.1
2023-03-27,102.86,103.11,103.23,102.83,-0.25%,BTC,27856.6,28166.4,26665.1,27183.4
2023-03-24,103.12,102.6,103.36,102.5,0.57%,BTC,28272.8,28499.1,27041.6,27328.5
2023-03-23,102.53,102.5,102.64,101.92,0.18%,BTC,27283.8,28787.4,27180.9,28277.4
2023-03-22,102.35,103.19,103.26,102.07,-0.88%,BTC,28121.2,28872.3,26685.8,27286.4
2023-03-21,103.26,103.31,103.51,103.0,-0.02%,BTC,28054.7,28520.2,27406.2,28121.4
2023-03-20,103.28,103.86,103.96,103.28,-0.41%,BTC,28198.0,28553.4,27223.3,28054.7
2023-03-17,103.71,104.41,104.44,103.69,-0.68%,BTC,25043.9,27827.2,24944.7,27750.1
2023-03-16,104.42,104.62,104.74,104.2,-0.22%,BTC,24464.0,25224.9,24212.8,25043.8
2023-03-15,104.65,103.74,105.1,103.44,1.01%,BTC,24801.3,25258.8,23980.0,24464.9
2023-03-14,103.6,103.67,104.05,103.5,0.00%,BTC,24299.7,26558.8,24043.3,24804.0
2023-03-13,103.6,104.64,104.64,103.48,-0.94%,BTC,21934.6,24630.9,21829.2,24299.2
2023-03-10,104.58,105.13,105.35,104.04,-0.70%,BTC,20345.2,20380.1,19561.8,20167.4
2023-03-09,105.31,105.62,105.73,105.15,-0.33%,BTC,21795.4,21813.8,20062.4,20344.5
2023-03-08,105.66,105.67,105.88,105.36,0.04%,BTC,22102.6,22267.6,21788.4,21788.4
2023-03-07,105.61,104.3,105.65,104.12,1.21%,BTC,22432.6,22556.7,21944.0,22104.6
2023-03-06,104.35,104.53,104.69,104.16,-0.16%,BTC,22428.0,22598.3,22266.8,22432.3
2023-03-03,104.52,104.94,105.0,104.49,-0.48%,BTC,23463.5,23504.9,22098.0,22320.4
2023-03-02,105.03,104.39,105.18,104.39,0.52%,BTC,23535.0,23795.0,23199.1,23464.9
2023-03-01,104.48,105.04,105.09,104.09,-0.37%,BTC,23163.7,23908.9,23028.0,23535.0
2023-02-28,104.87,104.63,105.0,104.42,0.19%,BTC,23483.7,23600.5,23025.1,23161.8
2023-02-27,104.67,105.26,105.36,104.55,-0.51%,BTC,23478.7,23897.4,23118.9,23478.5
2023-02-24,105.21,104.56,105.32,104.42,0.59%,BTC,23869.4,24132.3,22886.0,23119.7
2023-02-23,104.6,104.5,104.78,104.31,0.01%,BTC,24102.5,24599.9,23617.8,23873.6
2023-02-22,104.58,104.13,104.6,104.01,0.39%,BTC,24384.6,24478.5,23591.3,24100.6
2023-02-21,104.18,103.91,104.26,103.77,0.31%,BTC,24704.9,25247.8,24160.7,24388.5
2023-02-20,103.86,103.88,104.09,103.76,0.00%,BTC,24494.3,25098.3,23887.3,24707.3
2023-02-17,103.86,104.2,104.67,103.84,0.01%,BTC,23997.9,25012.6,23347.1,24680.9
2023-02-16,103.86,103.88,104.23,103.53,-0.06%,BTC,24157.0,25190.4,23984.5,24013.8
2023-02-15,103.92,103.21,104.11,103.16,0.67%,BTC,22197.2,24379.4,22056.6,24154.2
2023-02-14,103.23,103.22,103.52,102.59,-0.11%,BTC,21651.9,22307.8,21593.1,22197.2
2023-02-13,103.35,103.58,103.84,103.24,-0.28%,BTC,21796.7,21904.2,21389.3,21652.0
2023-02-10,103.63,103.25,103.68,102.9,0.40%,BTC,21765.8,21942.3,21472.1,21573.7
2023-02-09,103.22,103.43,103.55,102.64,-0.18%,BTC,22884.4,23003.0,21702.8,21767.6
2023-02-08,103.41,103.27,103.52,103.0,-0.02%,BTC,23230.1,23446.5,22675.7,22931.1
2023-02-07,103.43,103.54,103.96,103.0,-0.19%,BTC,22880.3,23349.5,22644.5,23230.2
2023-02-06,103.62,103.1,103.76,103.01,0.69%,BTC,22976.1,23139.3,22639.1,22882.2
2023-02-03,102.92,101.83,103.01,101.55,1.14%,BTC,23561.4,23718.9,23211.3,23423.5
2023-02-02,101.75,100.85,101.91,100.82,0.53%,BTC,23715.9,24252.3,23439.2,23561.5
2023-02-01,101.22,102.1,102.18,101.04,-0.86%,BTC,23182.1,23802.9,22766.8,23714.8
2023-01-31,102.1,102.19,102.61,102.01,-0.18%,BTC,22732.5,23306.0,22704.8,23183.7
2023-01-30,102.28,101.92,102.31,101.66,0.34%,BTC,23764.8,23876.5,22501.1,22731.3
2023-01-27,101.93,101.71,102.19,101.68,0.09%,BTC,22998.4,23501.3,22549.0,23015.6
2023-01-26,101.84,101.58,102.18,101.5,0.19%,BTC,22937.7,23285.8,22862.9,23005.8
2023-01-25,101.64,102.0,102.12,101.58,-0.27%,BTC,22755.9,23814.8,22364.2,22939.2
2023-01-24,101.92,101.99,102.43,101.72,-0.22%,BTC,22934.4,23165.8,22730.3,22756.8
2023-01-23,102.14,101.99,102.28,101.59,0.12%,BTC,22678.9,23173.1,22613.9,22931.0
2023-01-20,102.01,102.07,102.55,101.94,-0.05%,BTC,21064.2,22698.0,20868.0,22594.9
2023-01-19,102.06,102.38,102.48,101.99,-0.30%,BTC,20803.4,21188.4,20645.2,21064.9
2023-01-18,102.36,102.46,102.9,101.53,-0.03%,BTC,21234.5,21646.1,20409.2,20807.8
2023-01-17,102.39,102.32,102.56,101.94,0.12%,BTC,21187.0,21595.2,20850.7,21234.1
2023-01-16,102.27,102.18,102.56,101.77,0.06%,BTC,20915.2,21459.8,20627.4,21188.3
2023-01-13,102.2,102.21,102.65,101.99,-0.04%,BTC,18915.6,20001.6,18718.0,19851.1
2023-01-12,102.25,103.06,103.29,102.08,-0.91%,BTC,17556.0,19116.9,17550.7,18916.8
2023-01-11,103.19,103.22,103.48,103.11,-0.05%,BTC,17433.9,17593.3,17314.7,17555.0
2023-01-10,103.24,103.29,103.49,103.03,0.23%,BTC,17202.8,17494.5,17129.0,17433.6
2023-01-09,103.0,103.91,103.93,102.94,-0.85%,BTC,16961.2,17394.8,16961.2,17204.3
2023-01-06,103.88,105.05,105.63,103.87,-1.11%,BTC,16831.2,17028.1,16675.3,16953.0
2023-01-05,105.04,104.07,105.27,103.99,0.76%,BTC,16821.2,16872.2,16750.6,16832.7
2023-01-04,104.25,104.58,104.6,103.83,-0.26%,BTC,16670.7,16982.7,16647.9,16821.5
2023-01-03,104.52,103.66,104.86,103.47,0.99%,BTC,16692.7,16771.3,16599.8,16670.7
2023-01-01,103.49,103.49,103.49,103.49,-0.03%,BTC,16510.1,16619.2,16480.0,16594.6
2022-12-30,103.52,103.95,104.1,103.39,-0.30%,BTC,16611.7,16657.2,16329.4,16575.2
2022-12-29,103.84,104.37,104.45,103.78,-0.60%,BTC,16509.7,16656.8,16481.7,16612.5
2022-12-28,104.46,104.33,104.56,103.85,0.27%,BTC,16684.4,16776.9,16462.9,16509.2
2022-12-27,104.18,104.12,104.4,103.89,-0.14%,BTC,16835.9,16963.3,16595.4,16684.1
2022-12-25,104.32,104.32,104.32,104.32,0.01%,BTC,16824.9,16854.0,16725.8,16819.6
2022-12-23,104.31,104.39,104.54,104.12,-0.11%,BTC,16795.0,16940.9,16743.9,16791.0
2022-12-22,104.43,104.22,104.6,103.75,0.26%,BTC,16765.8,16867.2,16560.9,16795.0
2022-12-21,104.16,103.95,104.38,103.85,0.19%,BTC,16868.8,16925.2,16727.0,16765.4
2022-12-20,103.96,104.73,104.79,103.78,-0.72%,BTC,16414.6,17055.0,16373.8,16869.7
2022-12-19,104.72,104.84,104.93,104.13,0.02%,BTC,16764.6,16820.1,16265.7,16416.3
2022-12-16,104.7,104.45,104.84,104.21,0.14%,BTC,17345.1,17528.3,16696.4,16725.0
2022-12-15,104.56,103.67,104.88,103.54,0.76%,BTC,17836.5,17856.7,17282.2,17344.3
2022-12-14,103.77,104.07,104.16,103.45,-0.20%,BTC,17770.7,18377.6,17667.2,17837.7
2022-12-13,103.98,104.99,105.1,103.59,-1.09%,BTC,17159.0,17953.4,17084.9,17772.0
2022-12-12,105.13,104.93,105.25,104.67,0.31%,BTC,17101.4,17219.8,16874.2,17159.7
2022-12-09,104.81,104.86,105.14,104.48,0.03%,BTC,17203.3,17345.2,17069.4,17133.3
2022-12-08,104.77,105.2,105.43,104.72,-0.31%,BTC,16841.6,17298.0,16738.0,17203.8
2022-12-07,105.1,105.63,105.82,104.88,-0.45%,BTC,16974.1,17134.7,16689.9,16842.5
2022-12-06,105.58,105.16,105.63,104.89,0.27%,BTC,16943.6,17102.0,16912.1,16973.7
2022-12-05,105.29,104.51,105.4,104.11,0.71%,BTC,17105.3,17420.5,16870.0,16943.9
2022-12-02,104.54,104.82,105.58,104.38,-0.17%,BTC,16967.1,17105.2,16808.3,17042.2
2022-12-01,104.73,105.7,105.9,104.66,-1.15%,BTC,17146.7,17236.0,16863.7,16966.5
2022-11-30,105.95,106.72,107.19,105.78,-0.82%,BTC,16488.4,17241.4,16422.1,17153.7
2022-11-29,106.82,106.57,106.88,106.06,0.13%,BTC,16214.2,16535.5,16093.5,16488.7
2022-11-28,106.68,106.06,106.75,105.32,0.68%,BTC,16560.9,16567.7,16003.7,16212.5
2022-11-25,105.96,105.96,106.42,105.69,0.13%,BTC,16598.3,16646.0,16334.8,16519.6
2022-11-24,105.82,105.99,106.08,105.63,-0.24%,BTC,16510.9,16795.0,16449.6,16597.5
2022-11-23,106.08,107.08,107.22,106.03,-1.07%,BTC,16165.1,16680.0,16137.2,16494.2
2022-11-22,107.22,107.7,107.75,107.12,-0.57%,BTC,15720.5,16283.4,15600.4,16165.2
2022-11-21,107.83,106.97,107.99,106.89,0.85%,BTC,16273.2,16298.3,15473.9,15720.5
2022-11-18,106.93,106.69,107.04,106.34,0.22%,BTC,16701.4,16987.4,16533.4,16647.0
2022-11-17,106.69,106.27,107.24,106.1,0.39%,BTC,16652.8,16750.3,16399.8,16697.2
2022-11-16,106.28,106.58,106.78,105.86,-0.12%,BTC,16863.3,16987.9,16371.0,16653.8
2022-11-15,106.4,107.0,107.1,105.34,-0.24%,BTC,16385.4,17118.6,16380.7,16859.7
2022-11-14,106.66,106.42,107.27,106.48,0.35%,BTC,16404.3,17163.0,15796.3,16386.9
2022-11-11,106.29,108.24,108.44,106.28,-1.77%,BTC,17904.2,20543.3,16507.1,16949.2
2022-11-10,108.21,110.3,110.99,107.71,-2.12%,BTC,16081.5,19503.4,15799.9,17887.7
2022-11-09,110.55,109.65,110.64,109.45,0.83%,BTC,18491.1,18723.3,15764.8,16103.0
2022-11-08,109.64,110.06,110.61,109.37,-0.44%,BTC,20462.7,20694.2,17203.1,18514.2
2022-11-07,110.12,110.79,111.27,110.05,-0.68%,BTC,21138.4,21152.6,20389.5,20463.7
2022-11-04,110.88,112.97,112.99,110.71,-1.82%,BTC,20194.9,21300.1,20162.6,21179.3
2022-11-03,112.93,112.17,113.15,111.82,1.42%,BTC,20108.7,20386.1,20046.0,20195.5
2022-11-02,111.35,111.54,112.15,110.43,-0.12%,BTC,20459.6,20798.6,20060.2,20108.0
2022-11-01,111.48,111.52,111.78,110.72,-0.04%,BTC,20480.7,20653.9,20330.4,20476.1
2022-10-31,111.53,110.67,111.67,110.72,0.70%,BTC,20590.0,20839.9,20240.2,20478.7
2022-10-28,110.75,110.5,111.04,110.29,0.15%,BTC,20408.0,20750.3,20005.4,20599.8
2022-10-27,110.59,109.62,110.62,109.54,0.81%,BTC,20744.8,20909.1,20250.2,20407.2
2022-10-26,109.7,110.96,111.14,109.63,-1.13%,BTC,20237.0,21025.4,19992.8,20745.3
2022-10-25,110.95,111.82,112.13,110.76,-0.93%,BTC,19367.1,20416.8,19238.3,20234.4
2022-10-24,111.99,111.88,112.53,111.47,-0.02%,BTC,19542.2,19694.9,19161.3,19366.3
2022-10-21,112.01,112.94,113.94,111.7,-0.77%,BTC,19070.5,19247.7,18650.8,19155.9
2022-10-20,112.88,112.99,113.09,112.17,-0.09%,BTC,19194.4,19338.8,18906.1,19070.9
2022-10-19,112.98,111.91,113.1,111.92,0.76%,BTC,19292.3,19372.2,19081.7,19195.0
2022-10-18,112.13,112.07,112.46,111.77,0.08%,BTC,19515.4,19700.9,19097.4,19296.2
2022-10-17,112.04,113.22,113.22,111.92,-1.12%,BTC,19149.3,19676.7,19119.7,19515.4
2022-10-14,113.31,112.47,113.42,112.16,0.84%,BTC,19403.1,19950.2,19077.7,19108.5
2022-10-13,112.36,113.24,113.92,112.15,-0.84%,BTC,19182.2,19508.7,18197.2,19403.6
2022-10-12,113.32,113.31,113.59,113.05,0.09%,BTC,19003.7,19200.1,18978.2,19181.6
2022-10-11,113.22,113.08,113.5,112.41,0.07%,BTC,19243.6,19266.0,18863.5,19004.5
2022-10-10,113.14,112.75,113.33,112.62,0.31%,BTC,19483.0,19528.0,19096.2,19243.5
2022-10-07,112.79,112.25,112.88,111.95,0.48%,BTC,19911.3,20056.7,19321.0,19572.7
2022-10-06,112.26,111.02,112.31,110.78,1.07%,BTC,20052.6,20448.8,19881.1,19913.3
2022-10-05,111.07,110.22,111.74,110.09,0.92%,BTC,20297.4,20386.1,19730.0,20055.4
2022-10-04,110.07,111.59,111.89,110.06,-1.50%,BTC,19557.1,20462.1,19499.0,20296.3
2022-10-03,111.75,112.17,112.54,111.47,-0.33%,BTC,19191.0,19649.0,18923.3,19555.2
2022-09-30,112.12,111.75,112.67,111.58,-0.12%,BTC,19431.3,20179.6,19163.8,19360.2
2022-09-29,112.25,113.01,113.79,111.77,-0.31%,BTC,19618.9,19665.1,18845.6,19432.8
2022-09-28,112.6,114.18,114.78,112.56,-1.32%,BTC,18982.9,19774.4,18473.2,19618.8
2022-09-27,114.11,114.02,114.47,113.33,0.00%,BTC,19098.0,20383.3,18818.1,18992.7
2022-09-26,114.1,113.02,114.53,112.94,0.80%,BTC,18740.1,19319.1,18634.4,19096.4
2022-09-23,113.19,111.24,113.23,111.08,1.65%,BTC,19179.0,19520.9,18535.3,19008.8
2022-09-22,111.35,111.48,111.81,110.46,0.64%,BTC,18467.3,19494.2,18147.1,19173.6
2022-09-21,110.64,110.16,111.58,110.13,0.39%,BTC,18872.9,19727.6,18341.1,18468.2
2022-09-20,110.21,109.58,110.29,109.36,0.44%,BTC,19520.3,19677.2,18715.0,18898.2
2022-09-19,109.74,109.64,110.18,109.49,-0.02%,BTC,19458.1,19678.6,18240.0,19519.5
2022-09-16,109.76,109.8,110.26,109.47,0.02%,BTC,19827.4,19888.4,19332.7,19744.4
2022-09-15,109.74,109.61,109.92,109.42,0.07%,BTC,20206.9,20395.1,19496.4,19828.4
2022-09-14,109.66,109.97,109.93,109.28,-0.14%,BTC,20150.4,20537.0,19661.1,20206.8
2022-09-13,109.82,108.23,110.01,107.68,1.37%,BTC,22349.8,22739.8,19873.9,20133.2
2022-09-12,108.33,108.6,108.86,107.81,-0.62%,BTC,21520.1,22489.8,21520.1,22341.3
2022-09-09,109.0,109.57,109.54,108.36,-0.64%,BTC,19332.8,21439.1,19254.9,21257.8
2022-09-08,109.71,109.67,110.24,109.33,-0.12%,BTC,19365.1,19447.5,19030.4,19334.6
2022-09-07,109.84,110.32,110.79,109.53,-0.34%,BTC,18978.5,19461.9,18551.7,19364.7
2022-09-06,110.21,109.6,110.55,109.38,0.35%,BTC,19751.9,20177.1,18713.2,18979.9
2022-09-05,109.83,109.61,110.27,109.72,0.27%,BTC,19860.8,20058.4,19636.1,19752.4
2022-09-02,109.53,109.64,109.72,108.93,-0.14%,BTC,20084.2,20442.2,19763.8,19979.0
2022-09-01,109.69,108.84,109.98,108.77,0.91%,BTC,20278.7,20290.6,19566.0,20083.7
2022-08-31,108.7,108.75,109.2,108.38,-0.07%,BTC,19886.9,20488.4,19751.3,20282.0
2022-08-30,108.77,108.7,109.11,108.29,-0.06%,BTC,20203.4,20575.1,19549.5,19882.1
2022-08-29,108.83,108.84,109.48,108.49,0.03%,BTC,19965.0,20428.1,19538.2,20205.9
2022-08-26,108.8,108.47,108.87,107.59,0.31%,BTC,21583.3,21826.1,20550.0,20641.1
2022-08-25,108.47,108.63,108.69,107.99,-0.19%,BTC,21594.4,21816.1,21312.1,21584.5
2022-08-24,108.68,108.52,109.11,108.36,0.05%,BTC,21488.6,21840.0,21149.8,21594.1
2022-08-23,108.62,109.0,109.27,108.08,-0.39%,BTC,21097.9,21665.4,20913.3,21489.2
2022-08-22,109.05,108.1,109.1,108.08,0.81%,BTC,21532.9,21669.1,20903.8,21097.4
2022-08-19,108.17,107.5,108.21,107.47,0.64%,BTC,23362.4,23402.9,20999.2,21024.6
2022-08-18,107.48,106.68,107.56,106.5,0.85%,BTC,23333.6,23598.9,23239.8,23363.3
2022-08-17,106.57,106.45,106.89,106.31,0.07%,BTC,23951.8,24445.2,23184.2,23332.9
2022-08-16,106.5,106.48,106.94,106.32,-0.04%,BTC,24032.7,24251.2,23683.1,23950.8
2022-08-15,106.55,105.67,106.55,105.55,0.87%,BTC,24352.2,25214.6,23885.3,24031.0
2022-08-12,105.63,105.16,105.88,105.09,0.51%,BTC,24194.7,24291.2,23594.8,24125.5
2022-08-11,105.09,105.21,105.46,104.65,-0.10%,BTC,23967.2,24889.4,23816.2,24195.3
2022-08-10,105.2,106.34,106.4,104.64,-1.11%,BTC,23195.8,24230.6,22694.3,23966.2
2022-08-09,106.37,106.33,106.41,105.97,-0.06%,BTC,23851.6,23935.3,22882.1,23195.8
2022-08-08,106.43,106.58,106.8,106.09,-0.17%,BTC,23314.8,24246.0,23066.3,23852.2
2022-08-05,106.62,105.72,106.93,105.69,0.88%,BTC,22494.6,23471.3,22456.7,23111.4
2022-08-04,105.69,106.48,106.51,105.67,-0.76%,BTC,23276.8,23283.7,22407.1,22496.0
2022-08-03,106.51,106.43,106.82,105.97,0.25%,BTC,23084.4,23629.5,22688.5,23274.3
2022-08-02,106.24,105.36,106.35,105.05,0.75%,BTC,23027.8,23457.2,22664.8,23097.7
2022-08-01,105.45,105.83,106.03,105.24,-0.43%,BTC,23595.4,23596.4,22858.8,23027.4
2022-07-29,105.9,106.21,106.66,105.54,-0.42%,BTC,23931.1,24443.9,23434.8,23828.9
2022-07-28,106.35,106.37,106.97,106.06,-0.09%,BTC,22680.1,24200.9,22590.2,23931.8
2022-07-27,106.45,107.13,107.43,106.26,-0.69%,BTC,20945.8,23109.0,20923.5,22680.9
2022-07-26,107.19,106.45,107.28,106.2,0.66%,BTC,22029.9,22029.9,20728.4,20945.0
2022-07-25,106.48,106.54,106.88,106.19,-0.23%,BTC,22814.5,23013.1,21561.1,22027.0
2022-07-22,106.73,106.59,107.36,106.11,-0.17%,BTC,23213.3,23761.4,22510.5,22739.1
2022-07-21,106.91,107.08,107.32,106.42,-0.16%,BTC,23608.2,23639.9,22344.2,23212.4
2022-07-20,107.08,106.67,107.25,106.39,0.37%,BTC,23651.8,24275.2,22927.0,23608.5
2022-07-19,106.68,107.49,107.63,106.4,-0.64%,BTC,21656.2,23804.1,21554.5,23656.5
2022-07-18,107.37,107.98,108.04,106.89,-0.64%,BTC,21023.9,22767.3,20748.4,21653.4
2022-07-15,108.06,108.67,108.71,107.91,-0.44%,BTC,20465.9,21185.8,20371.5,20960.9
2022-07-14,108.54,108.14,109.29,108.14,0.54%,BTC,19906.2,20884.7,19611.5,20468.1
2022-07-13,107.96,108.18,108.58,107.48,-0.11%,BTC,19330.5,20091.8,18910.3,19908.9
2022-07-12,108.07,108.18,108.56,107.84,0.05%,BTC,20220.4,20221.8,19256.8,19328.7
2022-07-11,108.02,106.89,108.27,106.92,0.95%,BTC,21022.7,21022.8,20202.1,20224.1
2022-07-08,107.01,107.04,107.79,106.81,-0.11%,BTC,21655.6,22487.0,21177.3,21706.8
2022-07-07,107.13,107.07,107.24,106.71,0.03%,BTC,20332.5,21820.7,20249.9,21654.4
2022-07-06,107.1,106.49,107.26,106.36,0.53%,BTC,20355.6,20455.5,19746.6,20332.5
2022-07-05,106.54,105.14,106.79,105.05,1.33%,BTC,19934.8,20723.9,19283.9,20350.7
2022-07-04,105.14,105.12,105.25,104.82,0.00%,BTC,19275.8,20095.2,19030.4,19934.8
2022-07-01,105.14,104.78,105.64,104.74,0.43%,BTC,18797.2,20870.1,18719.9,19375.7
2022-06-30,104.68,105.06,105.54,104.64,-0.40%,BTC,20270.8,20300.3,18615.0,18797.2
2022-06-29,105.11,104.46,105.15,104.36,0.57%,BTC,20362.5,20429.5,19872.7,20270.8
2022-06-28,104.51,103.97,104.61,103.77,0.55%,BTC,20791.5,21192.8,20181.3,20368.2
2022-06-27,103.94,104.12,104.21,103.67,-0.24%,BTC,21368.8,21519.4,20494.3,20784.6
2022-06-24,104.18,104.38,104.51,103.95,-0.24%,BTC,20667.1,21430.7,20663.0,21295.5
2022-06-23,104.43,104.21,104.77,104.06,0.22%,BTC,19987.8,21098.1,19870.8,20667.1
2022-06-22,104.2,104.43,104.95,103.86,-0.23%,BTC,20949.8,20979.0,19756.5,19985.3
2022-06-21,104.43,104.44,104.54,103.94,-0.25%,BTC,20396.0,21700.6,20241.7,20950.4
2022-06-20,104.7,104.65,104.82,104.23,0.00%,BTC,20375.3,21045.7,19616.5,20396.0
2022-06-17,104.7,103.88,105.08,103.83,1.03%,BTC,20435.1,21334.3,20218.9,20533.1
2022-06-16,103.63,104.9,105.49,103.42,-1.45%,BTC,22188.3,22548.1,20724.5,20985.9
2022-06-15,105.16,105.35,105.79,104.66,-0.34%,BTC,21481.5,22416.6,20079.7,22157.8
2022-06-14,105.52,105.19,105.65,104.62,0.42%,BTC,23026.9,23138.0,20822.5,21463.2
2022-06-13,105.08,104.19,105.29,104.21,0.89%,BTC,27335.7,27415.3,22567.1,23031.7
2022-06-10,104.15,103.34,104.23,103.05,0.90%,BTC,30114.0,30337.3,28840.4,29162.6
2022-06-09,103.22,102.56,103.37,102.15,0.66%,BTC,30404.5,30673.6,29945.5,30114.0
2022-06-08,102.54,102.39,102.78,102.27,0.22%,BTC,31375.8,31467.6,29859.3,30404.5
2022-06-07,102.32,102.49,102.84,102.26,-0.12%,BTC,31462.1,31554.4,29195.8,31383.4
2022-06-06,102.44,102.17,102.47,101.85,0.29%,BTC,29937.1,31738.6,29846.9,31462.1
2022-06-03,102.14,101.75,102.22,101.64,0.31%,BTC,30340.1,30674.0,29312.4,29786.2
2022-06-02,101.82,102.55,102.62,101.74,-0.66%,BTC,29566.3,30381.2,29490.5,30340.1
2022-06-01,102.5,101.76,102.73,101.74,0.73%,BTC,31695.6,31957.2,29343.6,29564.1
2022-05-31,101.75,101.43,102.17,101.41,0.08%,BTC,31785.7,32373.1,31203.0,31682.3
2022-05-30,101.67,101.64,101.72,101.3,0.00%,BTC,29203.5,32183.0,29144.7,31780.5
2022-05-27,101.67,101.72,101.94,101.43,-0.16%,BTC,29546.4,29640.0,28253.3,28690.6
2022-05-26,101.83,102.02,102.27,101.74,-0.22%,BTC,29789.2,29853.8,28001.4,29546.4
2022-05-25,102.06,101.77,102.45,101.73,0.20%,BTC,29548.5,30190.5,29264.8,29789.2
2022-05-24,101.86,102.11,102.32,101.65,-0.21%,BTC,29308.2,29610.2,28644.7,29548.3
2022-05-23,102.08,103.03,103.05,102.04,-1.04%,BTC,29981.7,30632.1,29025.1,29311.1
2022-05-20,103.15,102.9,103.26,102.77,0.41%,BTC,30248.7,30715.4,28692.7,29148.6
2022-05-19,102.72,103.83,103.88,102.66,-1.05%,BTC,29171.2,30506.4,28635.5,30245.9
2022-05-18,103.81,103.34,103.93,103.19,0.44%,BTC,30512.1,30652.6,28714.6,29152.1
2022-05-17,103.36,104.17,104.23,103.23,-0.79%,BTC,30130.8,30718.6,29440.4,30512.1
2022-05-16,104.19,104.46,104.64,104.14,-0.36%,BTC,31035.5,31362.3,29140.8,30135.2
2022-05-13,104.56,104.77,105.0,104.46,-0.27%,BTC,28359.3,30954.3,28273.1,29995.6
2022-05-12,104.85,104.01,104.93,103.88,0.97%,BTC,28893.5,30069.7,25474.1,28368.4
2022-05-11,103.85,103.9,104.11,103.37,-0.07%,BTC,30224.3,32090.5,27673.9,28893.2
2022-05-10,103.92,103.73,103.98,103.5,0.26%,BTC,30832.3,32640.7,29779.0,30286.1
2022-05-09,103.65,103.66,104.19,103.39,-0.01%,BTC,34450.4,34466.2,30321.9,30800.7
2022-05-06,103.66,103.56,104.06,103.19,-0.09%,BTC,36451.3,36665.7,35313.9,35956.3
2022-05-05,103.75,102.68,103.94,102.35,1.14%,BTC,39741.1,39833.6,35567.2,36451.3
2022-05-04,102.59,103.46,103.61,102.46,-0.85%,BTC,37791.8,40020.0,37627.4,39741.1
2022-05-03,103.46,103.6,103.67,103.03,-0.27%,BTC,38643.5,38903.5,37513.9,37791.8
2022-05-02,103.74,103.21,103.75,103.11,0.76%,BTC,38350.0,39169.9,38057.5,38643.5
2022-04-29,102.96,103.67,103.67,102.82,-0.64%,BTC,39853.5,39926.8,38175.0,38564.0
2022-04-28,103.62,103.04,103.93,102.98,0.65%,BTC,39225.9,40376.7,38888.3,39848.7
2022-04-27,102.95,102.28,103.28,102.22,0.64%,BTC,38333.9,39470.3,37745.6,39225.9
2022-04-26,102.3,101.73,102.36,101.51,0.54%,BTC,40235.6,40796.9,37788.9,38333.9
2022-04-25,101.75,101.12,101.86,101.04,0.53%,BTC,39641.3,40380.4,38217.0,40235.6
2022-04-22,101.22,100.62,101.33,100.47,0.64%,BTC,40730.5,40819.0,39190.4,39619.2
2022-04-21,100.58,100.35,100.64,99.82,0.19%,BTC,41504.8,42984.6,40551.5,40730.5
2022-04-20,100.39,100.98,101.04,100.22,-0.57%,BTC,41321.3,42200.3,40903.2,41504.8
2022-04-19,100.96,100.83,101.03,100.7,0.18%,BTC,40813.5,41764.6,40583.2,41321.3
2022-04-18,100.78,100.5,100.86,100.46,0.46%,BTC,40216.2,41105.6,38544.4,40813.5
2022-04-15,100.32,100.42,100.57,100.32,0.00%,BTC,39974.0,40706.5,39774.4,40434.1
2022-04-14,100.32,99.79,100.76,99.57,0.45%,BTC,41232.1,41508.3,39560.9,39974.0
2022-04-13,99.88,100.34,100.52,99.83,-0.42%,BTC,39701.7,41554.9,39568.9,41232.1
2022-04-12,100.29,100.04,100.33,99.74,0.36%,BTC,39411.1,40658.1,39211.8,39701.7
2022-04-11,99.93,99.84,100.05,99.61,0.14%,BTC,42736.2,42743.8,39316.1,39400.6
2022-04-08,99.8,99.82,100.19,99.74,0.05%,BTC,43524.4,43979.6,42463.6,42580.4
2022-04-07,99.75,99.65,99.83,99.4,0.15%,BTC,43845.8,43895.2,42731.6,43524.4
2022-04-06,99.6,99.47,99.77,99.31,0.13%,BTC,45958.1,46059.4,43182.9,43845.8
2022-04-05,99.47,99.0,99.52,98.84,0.48%,BTC,46463.0,47214.1,45469.8,45958.1
2022-04-04,99.0,98.57,99.08,98.52,0.37%,BTC,46950.5,47406.0,45131.5,46458.4
2022-04-01,98.63,98.33,98.74,98.31,0.33%,BTC,45770.9,46743.4,44213.3,46323.6
2022-03-31,98.31,97.83,98.4,97.69,0.53%,BTC,47001.6,47609.5,45532.7,45766.3
2022-03-30,97.79,98.37,98.43,97.68,-0.62%,BTC,47290.7,47709.8,46637.7,47001.6
2022-03-29,98.4,99.08,99.29,98.04,-0.69%,BTC,47657.8,48115.6,46903.6,47295.4
2022-03-28,99.09,98.81,99.37,98.8,0.31%,BTC,46585.9,48209.1,46367.7,47633.0
2022-03-25,98.79,98.75,98.83,98.4,0.00%,BTC,43965.3,45121.2,43605.2,44321.6
2022-03-24,98.79,98.64,98.96,98.6,0.17%,BTC,42509.9,44238.6,42415.9,43969.4
2022-03-23,98.62,98.47,98.88,98.39,0.13%,BTC,42551.3,42796.5,41772.4,42509.9
2022-03-22,98.49,98.49,98.96,98.32,-0.01%,BTC,41136.4,43260.0,40896.0,42550.0
2022-03-21,98.5,98.24,98.53,98.16,0.27%,BTC,41452.6,41555.0,40487.0,41136.5
2022-03-18,98.23,98.0,98.62,97.84,0.26%,BTC,41008.3,42346.2,40167.6,41708.0
2022-03-17,97.97,98.5,98.51,97.73,-0.65%,BTC,40895.3,41483.8,40508.1,41008.3
2022-03-16,98.62,98.89,99.08,98.29,-0.48%,BTC,39478.8,41724.3,38928.4,40895.3
2022-03-15,99.1,99.13,99.2,98.64,0.10%,BTC,39334.3,39888.8,38107.6,39481.8
2022-03-14,99.0,99.13,99.29,98.68,-0.13%,BTC,37734.1,39932.4,37559.8,39331.6
2022-03-11,99.12,98.36,99.16,98.27,0.63%,BTC,39457.8,40248.3,38240.9,38924.5
2022-03-10,98.51,98.06,98.6,97.71,0.55%,BTC,41900.4,42143.9,38615.4,39457.8
2022-03-09,97.97,99.12,99.12,97.85,-1.10%,BTC,38560.0,42592.5,38537.8,41900.4
2022-03-08,99.06,99.24,99.32,98.71,-0.23%,BTC,38222.9,39365.8,37875.2,38560.0
2022-03-07,99.29,98.51,99.42,98.51,0.65%,BTC,38990.0,39553.4,37162.4,38222.9
2022-03-04,98.65,98.04,98.92,97.84,0.88%,BTC,42500.6,42618.5,38563.6,39016.4
2022-03-03,97.79,97.47,97.95,97.43,0.41%,BTC,44076.2,44213.3,41845.6,42493.2
2022-03-02,97.39,97.37,97.83,97.29,-0.02%,BTC,44170.0,45263.6,43342.8,44076.2
2022-03-01,97.41,96.76,97.58,96.63,0.73%,BTC,42864.4,44971.4,42828.2,44168.9
2022-02-28,96.71,96.54,97.42,96.54,0.10%,BTC,37815.3,44243.5,37367.9,42965.9
2022-02-25,96.61,97.0,97.22,96.52,-0.54%,BTC,37892.4,39699.4,37892.4,39454.4
2022-02-24,97.14,96.22,97.74,96.22,0.98%,BTC,37670.8,39478.2,34356.9,37885.2
2022-02-23,96.19,96.04,96.24,95.85,0.17%,BTC,37936.3,39262.9,37118.6,37670.8
2022-02-22,96.03,96.08,96.26,95.84,-0.06%,BTC,37557.1,38313.7,36362.1,37936.3
2022-02-21,96.08,96.11,96.15,95.69,0.04%,BTC,38834.6,39499.4,36818.6,37562.1
2022-02-18,96.04,95.83,96.17,95.73,0.25%,BTC,40742.8,40984.5,39537.2,39964.4
2022-02-17,95.8,95.77,96.11,95.71,0.10%,BTC,44032.5,44190.7,40097.2,40737.0
2022-02-16,95.7,96.01,96.06,95.68,-0.30%,BTC,44195.7,44776.9,43340.1,44032.5
2022-02-15,95.99,96.24,96.29,95.96,-0.40%,BTC,42699.4,44526.7,42448.4,44195.7
2022-02-14,96.37,96.03,96.43,95.91,0.30%,BTC,42397.0,42865.8,41579.9,42690.9
2022-02-11,96.08,95.94,96.11,95.64,0.55%,BTC,43988.4,44078.4,42014.6,42167.6
2022-02-10,95.55,95.57,96.0,95.17,0.06%,BTC,44606.8,45861.2,43239.1,43980.3
2022-02-09,95.49,95.59,95.67,95.38,-0.16%,BTC,44102.7,44848.3,43152.4,44606.8
2022-02-08,95.64,95.43,95.75,95.4,0.26%,BTC,44100.8,45523.6,42703.2,44102.5
2022-02-07,95.4,95.48,95.63,95.35,-0.09%,BTC,41599.6,44526.2,41513.8,44097.0
2022-02-04,95.49,95.31,95.7,95.14,0.11%,BTC,36951.9,40901.4,36893.1,40674.2
2022-02-03,95.38,96.02,96.25,95.24,-0.58%,BTC,37046.9,37159.1,36299.6,36951.6
2022-02-02,95.94,96.27,96.3,95.81,-0.47%,BTC,38717.8,38911.3,36623.5,37036.9
2022-02-01,96.39,96.7,96.72,96.24,-0.16%,BTC,38431.7,39284.8,38019.0,38717.7
2022-01-31,96.54,97.22,97.3,96.52,-0.75%,BTC,37798.7,38757.4,36667.3,38431.7
2022-01-28,97.27,97.25,97.44,97.06,0.02%,BTC,36717.7,38011.4,36169.5,37667.1
2022-01-27,97.25,96.54,97.29,96.53,0.90%,BTC,36531.3,37208.7,35528.3,36727.2
2022-01-26,96.39,95.96,96.54,95.91,0.46%,BTC,36803.4,38898.2,36261.7,36535.4
2022-01-25,95.95,95.93,96.27,95.9,0.03%,BTC,36382.2,37557.2,35713.7,36796.4
2022-01-24,95.92,95.64,96.13,95.63,0.29%,BTC,35515.6,37471.4,32971.8,36382.2
2022-01-21,95.64,95.81,95.84,95.5,-0.10%,BTC,41172.6,41185.2,35560.1,36138.8
2022-01-20,95.74,95.59,95.86,95.42,0.24%,BTC,41989.5,43518.1,40864.1,41175.5
2022-01-19,95.51,95.77,95.79,95.49,-0.23%,BTC,42493.7,42577.9,41152.3,41989.5
2022-01-18,95.73,95.22,95.83,95.13,0.50%,BTC,42094.0,42687.7,41296.5,42495.6
2022-01-17,95.26,95.17,95.35,95.04,0.10%,BTC,43209.7,43280.3,41557.4,42094.0
2022-01-14,95.17,94.87,95.27,94.63,0.40%,BTC,42611.7,43466.1,41746.9,43263.5
2022-01-13,94.79,94.99,95.02,94.66,-0.13%,BTC,43860.5,44522.2,42328.1,42614.5
2022-01-12,94.92,95.58,95.69,94.91,-0.74%,BTC,42717.6,44324.6,42458.5,43860.5
2022-01-11,95.62,95.93,96.07,95.58,-0.38%,BTC,41602.5,43099.2,41265.9,42717.4
2022-01-10,95.99,95.74,96.23,95.74,0.28%,BTC,42205.4,42280.0,39716.0,41605.0
2022-01-07,95.72,96.26,96.29,95.71,-0.62%,BTC,43176.6,43237.1,40803.8,41537.7
2022-01-06,96.32,96.2,96.39,96.04,0.15%,BTC,43432.7,43800.0,42429.3,43176.6
2022-01-05,96.17,96.31,96.33,95.89,-0.09%,BTC,46147.8,47063.5,42495.8,43439.9
2022-01-04,96.26,96.19,96.46,96.03,0.05%,BTC,46222.5,47556.9,45490.9,46155.3
2022-01-03,96.21,95.67,96.33,95.63,0.26%,BTC,47264.8,47574.8,45704.6,46222.5
